step,loss
1,10.79820000
2,10.79640000
3,10.77190000
4,10.77590000
5,10.79520000
6,10.78530000
7,10.79490000
8,10.79500000
9,10.79780000
10,10.79720000
11,10.79760000
12,10.79720000
